{
  "experiment_date": "2026-01-05 00:21:37",
  "configuration": {
    "N": 64,
    "K_levels": [
      1,
      4,
      16
    ],
    "seed": 42
  },
  "results": {
    "1": {
      "complexity_label": "Low",
      "pinn": {
        "error": 0.17215647732596567,
        "final_loss": 2.6858688215725124e-06,
        "iterations": 4513
      },
      "data_driven": {
        "error": 0.011737404754468064,
        "final_loss": 3.7131958379177377e-06,
        "iterations": 37330
      }
    },
    "4": {
      "complexity_label": "Medium",
      "pinn": {
        "error": 4.891141996021833,
        "final_loss": 6.3008010329213e-05,
        "iterations": 4511
      },
      "data_driven": {
        "error": 0.02749992119723845,
        "final_loss": 1.3855941460860777e-07,
        "iterations": 39165
      }
    },
    "16": {
      "complexity_label": "High",
      "pinn": {
        "error": 833.4748116834681,
        "final_loss": 0.04090988263487816,
        "iterations": 4511
      },
      "data_driven": {
        "error": 1.2333165975478477,
        "final_loss": 1.6639924069750123e-06,
        "iterations": 37070
      }
    }
  }
}