{
  "experiment_date": "2026-01-13 04:33:20",
  "configuration": {
    "N_DOMAIN_POINTS": 3844,
    "N_EVAL_GRID": 64,
    "K_levels": [
      1,
      4,
      16
    ],
    "seed": 42
  },
  "results": {
    "1": {
      "complexity_label": "Low",
      "pinn": {
        "error": 0.1487327319681344,
        "final_loss": 2.033878672591527e-06,
        "iterations": 5064
      },
      "data_driven": {
        "error": 0.006419736063274949,
        "final_loss": 1.5739651644253172e-06,
        "iterations": 9047
      }
    },
    "4": {
      "complexity_label": "Medium",
      "pinn": {
        "error": 1.7348113869176107,
        "final_loss": 5.782670086773578e-06,
        "iterations": 8395
      },
      "data_driven": {
        "error": 0.04763975694428573,
        "final_loss": 6.555471827596193e-07,
        "iterations": 7387
      }
    },
    "16": {
      "complexity_label": "High",
      "pinn": {
        "error": 259.04636822201456,
        "final_loss": 0.0014734524302184582,
        "iterations": 9102
      },
      "data_driven": {
        "error": 2.0564899128278182,
        "final_loss": 8.119749509205576e-06,
        "iterations": 9134
      }
    }
  }
}