{
  "experiment_date": "2026-01-10 12:28:58",
  "configuration": {
    "N": 64,
    "K_levels": [
      1,
      4,
      16
    ],
    "seed": 42
  },
  "results": {
    "1": {
      "complexity_label": "Low",
      "pinn": {
        "error": 0.1262924788145203,
        "final_loss": 1.6498230479555787e-06,
        "iterations": 5168
      },
      "data_driven": {
        "error": 0.006419840087015517,
        "final_loss": 1.5739651644253172e-06,
        "iterations": 9047
      }
    },
    "4": {
      "complexity_label": "Medium",
      "pinn": {
        "error": 2.469638077643603,
        "final_loss": 8.38544929138152e-06,
        "iterations": 9087
      },
      "data_driven": {
        "error": 0.047640430616649077,
        "final_loss": 6.555471827596193e-07,
        "iterations": 7387
      }
    },
    "16": {
      "complexity_label": "High",
      "pinn": {
        "error": 197.5538404999587,
        "final_loss": 0.0015957752475515008,
        "iterations": 9102
      },
      "data_driven": {
        "error": 2.0072679622320786,
        "final_loss": 7.735707185929641e-06,
        "iterations": 9123
      }
    }
  }
}