{
  "experiment_date": "2026-01-07 12:05:42",
  "configuration": {
    "N": 64,
    "K_levels": [
      16
    ],
    "seed": 42
  },
  "results": {
    "16": {
      "complexity_label": "High",
      "pinn": {
        "error": 588.650277341605,
        "final_loss": 0.014899300411343575,
        "iterations": 9101
      },
      "data_driven": {
        "error": 2.0072679622320786,
        "final_loss": 7.735707185929641e-06,
        "iterations": 9123
      }
    }
  }
}